{
  "data": {
    "gene": {
      "gnomad_constraint": {
        "pli": 1.5098387495463882e-34,
        "oe_lof_upper": 0.8670053889092679
      }
    }
  }
}