{
  "data": {
    "gene": {
      "gnomad_constraint": {
        "pli": 1.492943844358168e-14,
        "oe_lof_upper": 0.9627282144234834
      }
    }
  }
}