{
  "data": {
    "gene": {
      "gnomad_constraint": {
        "pli": 0.9999999999973258,
        "oe_lof_upper": 0.3438706199396836
      }
    }
  }
}