{
  "data": {
    "gene": {
      "gnomad_constraint": {
        "pli": 0.9999999999999984,
        "oe_lof_upper": 0.3437008228378368
      }
    }
  }
}