{
  "data": {
    "gene": {
      "gnomad_constraint": {
        "pli": 1.4547046845182178e-17,
        "oe_lof_upper": 1.098127076669517
      }
    }
  }
}