{
  "data": {
    "gene": {
      "gnomad_constraint": {
        "pli": 0.9709124960999701,
        "oe_lof_upper": 0.5145083342945372
      }
    }
  }
}