{
  "data": {
    "gene": {
      "gnomad_constraint": {
        "pli": 0.9999999999089446,
        "oe_lof_upper": 0.35115722683673806
      }
    }
  }
}