{
  "data": {
    "gene": {
      "gnomad_constraint": {
        "pli": 0.9996588802131813,
        "oe_lof_upper": 0.2832457838413537
      }
    }
  }
}