{
  "data": {
    "gene": {
      "gnomad_constraint": {
        "pli": 0.9390582729148456,
        "oe_lof_upper": 0.5361398018097101
      }
    }
  }
}