{
  "data": {
    "gene": {
      "gnomad_constraint": {
        "pli": 0.9943574620169019,
        "oe_lof_upper": 0.47626877661356837
      }
    }
  }
}