{
  "data": {
    "gene": {
      "gnomad_constraint": {
        "pli": 0.9957644896627205,
        "oe_lof_upper": 0.4715491225309076
      }
    }
  }
}