{
  "data": {
    "gene": {
      "gnomad_constraint": {
        "pli": 0.999999719480074,
        "oe_lof_upper": 0.3317838008217141
      }
    }
  }
}