{
  "data": {
    "gene": {
      "gnomad_constraint": {
        "pli": 2.1672668134008035e-13,
        "oe_lof_upper": 1.0963325809528697
      }
    }
  }
}