{
  "data": {
    "gene": {
      "gnomad_constraint": {
        "pli": 0.9779406846464224,
        "oe_lof_upper": 0.4873330197782271
      }
    }
  }
}