{
  "data": {
    "gene": {
      "gnomad_constraint": {
        "pli": 2.936423948785057e-10,
        "oe_lof_upper": 1.448591820621544
      }
    }
  }
}