{
  "data": {
    "gene": {
      "gnomad_constraint": {
        "pli": 2.621997775589069e-06,
        "oe_lof_upper": 1.0535326551874777
      }
    }
  }
}