{
  "data": {
    "gene": {
      "gnomad_constraint": {
        "pli": 0.9093628405497296,
        "oe_lof_upper": 0.471968596698179
      }
    }
  }
}