{
  "data": {
    "gene": {
      "gnomad_constraint": {
        "pli": 0.02772064291908664,
        "oe_lof_upper": 0.7433257073156895
      }
    }
  }
}