{
  "data": {
    "gene": {
      "gnomad_constraint": {
        "pli": 0.07083661136602198,
        "oe_lof_upper": 0.9077218137956596
      }
    }
  }
}