{
  "data": {
    "gene": {
      "gnomad_constraint": {
        "pli": 0.0035897919499924317,
        "oe_lof_upper": 1.1433587026560412
      }
    }
  }
}