{
  "data": {
    "gene": {
      "gnomad_constraint": {
        "pli": 0.9999999999979794,
        "oe_lof_upper": 0.3283426442246972
      }
    }
  }
}