{
  "data": {
    "gene": {
      "gnomad_constraint": {
        "pli": 1.969190005767079e-15,
        "oe_lof_upper": 0.9999438928599294
      }
    }
  }
}