{
  "data": {
    "gene": {
      "gnomad_constraint": {
        "pli": 0.9999999999999999,
        "oe_lof_upper": 0.10707889704445765
      }
    }
  }
}