{
  "data": {
    "gene": {
      "gnomad_constraint": {
        "pli": 0.6677260666131363,
        "oe_lof_upper": 0.6990355260408281
      }
    }
  }
}