{
  "data": {
    "gene": {
      "gnomad_constraint": {
        "pli": 1.1113186754924623e-20,
        "oe_lof_upper": 1.2761794941971079
      }
    }
  }
}