{
  "data": {
    "gene": {
      "gnomad_constraint": {
        "pli": 0.9999999999999991,
        "oe_lof_upper": 0.13819043608849582
      }
    }
  }
}