{
  "data": {
    "gene": {
      "gnomad_constraint": {
        "pli": 1.2770131309586162e-14,
        "oe_lof_upper": 0.9336871781900851
      }
    }
  }
}