{
  "data": {
    "gene": {
      "gnomad_constraint": {
        "pli": 3.053500246241509e-36,
        "oe_lof_upper": 1.1050903157283272
      }
    }
  }
}