{
  "data": {
    "gene": {
      "gnomad_constraint": {
        "pli": 0.999999999999999,
        "oe_lof_upper": 0.12712643837215687
      }
    }
  }
}