{
  "data": {
    "gene": {
      "gnomad_constraint": {
        "pli": 0.9999986796079301,
        "oe_lof_upper": 0.2391529823750786
      }
    }
  }
}