{
  "data": {
    "gene": {
      "gnomad_constraint": {
        "pli": 6.441355234575304e-60,
        "oe_lof_upper": 0.9054302450926235
      }
    }
  }
}