{
  "data": {
    "gene": {
      "gnomad_constraint": {
        "pli": 3.5352375982760147e-25,
        "oe_lof_upper": 1.22941231954324
      }
    }
  }
}