{
  "data": {
    "gene": {
      "gnomad_constraint": {
        "pli": 0.9817869273053165,
        "oe_lof_upper": 0.4948332121878747
      }
    }
  }
}