{
  "data": {
    "gene": {
      "gnomad_constraint": {
        "pli": 1.8036308705100764e-10,
        "oe_lof_upper": 1.0539471217925267
      }
    }
  }
}