{
  "data": {
    "gene": {
      "gnomad_constraint": {
        "pli": 0.9999975843558057,
        "oe_lof_upper": 0.2958597406989856
      }
    }
  }
}