{
  "data": {
    "gene": {
      "gnomad_constraint": {
        "pli": 3.9544006442571e-05,
        "oe_lof_upper": 1.0505832763561163
      }
    }
  }
}