{
  "data": {
    "gene": {
      "gnomad_constraint": {
        "pli": 3.826992411081741e-18,
        "oe_lof_upper": 1.2853859012583893
      }
    }
  }
}