{
  "data": {
    "gene": {
      "gnomad_constraint": {
        "pli": 0.9927971012702745,
        "oe_lof_upper": 0.4684352382055841
      }
    }
  }
}