{
  "data": {
    "gene": {
      "gnomad_constraint": {
        "pli": 0.9999998875096401,
        "oe_lof_upper": 0.30134317119271625
      }
    }
  }
}