{
  "data": {
    "gene": {
      "gnomad_constraint": {
        "pli": 0.9999999969465795,
        "oe_lof_upper": 0.34513322295857624
      }
    }
  }
}