{
  "data": {
    "gene": {
      "gnomad_constraint": {
        "pli": 1.2545605106184247e-22,
        "oe_lof_upper": 0.6732805970631144
      }
    }
  }
}