{
  "data": {
    "gene": {
      "gnomad_constraint": {
        "pli": 0.9940762695010469,
        "oe_lof_upper": 0.4746560449877989
      }
    }
  }
}