{
  "data": {
    "gene": {
      "gnomad_constraint": {
        "pli": 2.873406680076811e-19,
        "oe_lof_upper": 0.670617813086686
      }
    }
  }
}