{
  "data": {
    "gene": {
      "gnomad_constraint": {
        "pli": 7.55366908135002e-06,
        "oe_lof_upper": 0.9501954685218236
      }
    }
  }
}