{
  "data": {
    "gene": {
      "gnomad_constraint": {
        "pli": 1.835920639365307e-15,
        "oe_lof_upper": 1.1597520183243275
      }
    }
  }
}